InletTemperature;MassFlowRate;Power;GapPressure;InitialHeatStrTemperature;InletPressure;GapCompositionHe
6.597621e+00;-4.857500e-01;1.264258e+01;-2.463556e-02;0.000000e+00;-1.465537e-01;-7.831200e+00
4.780768e+00;-3.883320e-01;7.255501e-01;0.000000e+00;0.000000e+00;3.570465e-02;-0.000000e+00
-1.565606e-01;2.841911e-02;-3.748502e-02;0.000000e+00;0.000000e+00;1.106587e-02;-5.365108e-09
