InletTemperature;MassFlowRate;Power;GapPressure;InitialHeatStrTemperature;InletPressure;GapCompositionHe
6.600857e+00;-4.857500e-01;1.264258e+01;-2.463556e-02;0.000000e+00;-1.465537e-01;-7.831200e+00
4.781091e+00;-3.883320e-01;7.255903e-01;0.000000e+00;0.000000e+00;3.570465e-02;-0.000000e+00
-1.565592e-01;2.841941e-02;-3.748428e-02;0.000000e+00;0.000000e+00;1.106599e-02;-5.365112e-09
