zirconium;uo2
-2.337121e-02;-5.262879e-01
-4.248388e-02;0.000000e+00
0.000000e+00;0.000000e+00
