zirconium;uo2
-3.702000e-01;-8.336400e+00
-2.725000e-01;0.000000e+00
0.000000e+00;0.000000e+00
