InletTemperature;MassFlowRate;Power;GapPressure;InitialHeatStrTemperature;InletPressure;GapCompositionHe
4.165165e-01;-3.066604e-02;7.981424e-01;-1.555275e-03;0.000000e+00;-9.252126e-03;-4.943939e-01
7.453415e-01;-6.054257e-02;1.131163e-01;0.000000e+00;0.000000e+00;5.566503e-03;-0.000000e+00
-4.892966e+00;8.881784e-01;-1.171514e+00;0.000000e+00;0.000000e+00;3.458401e-01;-1.676750e-07
